<?xml version="1.0" encoding="UTF-8"?>
<configuration>
   <property name="DEFAULT_PATTERN" value="%d{ISO8601} %-5level %C{1} [%M:%L] [%thread] - %msg%n" />
   <appender name="RootSiftAppender" class="ch.qos.logback.classic.sift.SiftingAppender">
      <discriminator>
         <Key>hpqc</Key>
         <DefaultValue>hpqc</DefaultValue>
      </discriminator>
      <sift>
         <appender name="FILE-${testname}" class="ch.qos.logback.core.rolling.RollingFileAppender">
            <File>${hpqc}.log</File>
            <rollingPolicy class="ch.qos.logback.core.rolling.FixedWindowRollingPolicy">
               <FileNamePattern>${hpqc}.%i.log</FileNamePattern>
               <MinIndex>1</MinIndex>
               <MaxIndex>10</MaxIndex>
            </rollingPolicy>
            <triggeringPolicy class="ch.qos.logback.core.rolling.SizeBasedTriggeringPolicy">
               <MaxFileSize>5MB</MaxFileSize>
            </triggeringPolicy>
            <layout class="ch.qos.logback.classic.PatternLayout">
               <Pattern>${DEFAULT_PATTERN}</Pattern>
            </layout>
         </appender>
      </sift>
   </appender>
   <appender name="RootConsoleAppender" class="ch.qos.logback.core.ConsoleAppender">
      <layout class="ch.qos.logback.classic.PatternLayout">
         <pattern>${DEFAULT_PATTERN}</pattern>
      </layout>
   </appender>
   <logger name="com.vmware.qc" level="INFO"/>

   <root level="ERROR">
      <appender-ref ref="RootSiftAppender" />
      <appender-ref ref="RootConsoleAppender" />
   </root>
</configuration>